{"count":1,"self":199.02446079999999,"total":773.6359957,"children":{"InitializeActuators":{"count":7,"self":0.0019099,"total":0.0019099,"children":null},"InitializeSensors":{"count":7,"self":0.0010814,"total":0.0010814,"children":null},"AgentSendState":{"count":494784,"self":3.3542739999999998,"total":15.140807599999999,"children":{"CollectObservations":{"count":296871,"self":1.6105962,"total":1.6105962,"children":null},"WriteActionMask":{"count":296871,"self":0.42540639999999996,"total":0.42540639999999996,"children":null},"RequestDecision":{"count":296871,"self":2.0679178,"total":9.7505309,"children":{"AgentInfo.ToProto":{"count":296871,"self":1.5885011,"total":7.6826130999999993,"children":{"GenerateSensorData":{"count":296871,"self":6.094112,"total":6.094112,"children":null}}}}}}},"DecideAction":{"count":494784,"self":538.7830272,"total":538.7830419,"children":null},"AgentAct":{"count":494784,"self":19.7559312,"total":20.0123185,"children":{"AgentInfo.ToProto":{"count":6138,"self":0.067646299999999993,"total":0.256387,"children":{"GenerateSensorData":{"count":6138,"self":0.18874069999999998,"total":0.18874069999999998,"children":null}}}}},"AgentInfo.ToProto":{"count":15025,"self":0.1526901,"total":0.6713783,"children":{"GenerateSensorData":{"count":15025,"self":0.51868819999999993,"total":0.51868819999999993,"children":null}}}},"gauges":{"EnemyAgent.CumulativeReward":{"count":21163,"max":6.2439847,"min":-22.8543053,"runningAverage":1.82189715,"value":1.50302911,"weightedAverage":2.11883044}},"metadata":{"timer_format_version":"0.1.0","start_time_seconds":"1763718709","unity_version":"2019.4.41f2","command_line_arguments":"C:\\Program Files\\Unity\\Hub\\Editor\\2019.4.41f2\\Editor\\Unity.exe -projectpath C:\\Users\\khoil\\UnityProjects\\rl survivor game\\wildmind -acceptSoftwareTermsForThisRunOnly -useHub -hubIPC -cloudEnvironment production -licensingIpc LicenseClient-khoil -hubSessionId 3d20dcbd-86df-41f9-8c5d-8e63ab9615eb -accessToken 56nXPyXJc8IeYYUNTVzIR6jzDxFQF2LQJZ4gv1KRKQU011f","communication_protocol_version":"1.5.0","com.unity.ml-agents_version":"2.0.2","scene_name":"ML_Training","end_time_seconds":"1763719483"}}